bias_cat_1_mean,bias_cat_2_mean,performance_gap,statistical_significance,bias_cat_1_name,bias_cat_2_name,bias_type,steps,lang,model_name
4.072727272727272,3.963636363636364,0.10909090909090846,0.01291464248428018,male,female,gender,50001,de,models/de_3_42
3.909090909090909,3.9454545454545453,-0.036363636363636154,0.5320199169125455,race: privileged,race: minoritized,race,50001,de,models/de_3_42
4.054545454545455,3.8727272727272726,0.1818181818181821,0.001049561403507651,male,female,gender,33334,de,models/de_3_42
3.6,3.6545454545454548,-0.054545454545454675,0.0832106472426799,race: privileged,race: minoritized,race,33334,de,models/de_3_42
