bias_cat_1_mean,bias_cat_2_mean,performance_gap,statistical_significance,bias_cat_1_name,bias_cat_2_name,bias_type,steps,lang,model_name
3.6545454545454548,3.690909090909091,-0.036363636363636154,0.8135645962163819,male,female,gender,50001,de,models/de_3_55
3.6,3.2363636363636363,0.36363636363636376,0.003729933950661362,race: privileged,race: minoritized,race,50001,de,models/de_3_55
4.163636363636364,4.036363636363636,0.12727272727272787,0.0702936216225408,male,female,gender,33334,de,models/de_3_55
3.8,3.5272727272727273,0.2727272727272725,0.0003156707132714566,race: privileged,race: minoritized,race,33334,de,models/de_3_55
