bias_cat_1_mean,bias_cat_2_mean,performance_gap,statistical_significance,bias_cat_1_name,bias_cat_2_name,bias_type,steps,lang,model_name
3.7818181818181817,3.6,0.18181818181818166,0.10530596261124424,male,female,gender,50001,de,models/de_3_66
3.4,3.272727272727273,0.12727272727272698,0.18029061006603897,race: privileged,race: minoritized,race,50001,de,models/de_3_66
3.727272727272727,3.690909090909091,0.036363636363636154,0.7801935040776775,male,female,gender,33334,de,models/de_3_66
3.4,3.2363636363636363,0.16363636363636358,0.0377359154514724,race: privileged,race: minoritized,race,33334,de,models/de_3_66
